service;duree_s
consultation;0.337
consultation;0.347
consultation;0.328
consultation;0.343
consultation;0.334
consultation;0.33
consultation;0.339
consultation;0.359
consultation;0.183
consultation;0.335
consultation;0.165
consultation;0.336
consultation;0.332
consultation;0.341
consultation;0.342
consultation;0.371
consultation;0.401
consultation;0.365
consultation;0.363
consultation;0.343
consultation;0.386
consultation;0.381
consultation;0.392
consultation;0.378
consultation;0.337
consultation;0.316
consultation;0.321
consultation;0.344
consultation;0.347
consultation;0.343
consultation;0.367
consultation;0.374
consultation;0.349
consultation;0.36
consultation;0.318
consultation;0.357
consultation;0.341
consultation;0.355
consultation;0.364
consultation;0.37
consultation;0.346
consultation;0.334
consultation;0.352
consultation;0.362
consultation;0.368
consultation;0.392
consultation;0.377
consultation;0.365
consultation;0.38
consultation;0.365
consultation;0.41
consultation;0.367
consultation;0.16
consultation;0.182
consultation;0.166
consultation;0.179
consultation;0.159
consultation;0.172
consultation;0.357
consultation;0.171
consultation;0.161
consultation;0.17
commentaire;0.045
commentaire;0.042
commentaire;0.013
commentaire;0.032
commentaire;0.03
commentaire;8.893
commentaire;35.03
commentaire;16.417
commentaire;0.017
commentaire;25.969
commentaire;0.019
commentaire;32.256
commentaire;23.82
note d'analyse;3491.57
note d'analyse;34941.162
note d'analyse;89.608
note stratégique;67.415
note stratégique;233.496
