configuration;id;succes_1;succes_5;rr;ndcg_5;rang_premier_pertinent;top1
lexicale;Q01;1.0;1.0;1.0;1.0;1;rapport_analyse_2024 p.7
lexicale;Q02;1.0;1.0;1.0;1.0;1;rapport_analyse_2024 p.7
lexicale;Q03;0.0;0.0;0.1667;0.0;6;rapport_analyse_2022 p.9
lexicale;Q04;0.0;1.0;0.3333;0.5438;3;rapport_analyse_2022 p.10
lexicale;Q05;0.0;1.0;0.2;0.3869;5;rapport_analyse_2022 p.10
lexicale;Q06;0.0;0.0;0.1667;0.0;6;annuaire_2024 p.37
lexicale;Q07;1.0;1.0;1.0;1.0;1;rapport_analyse_2024 p.15
lexicale;Q08;0.0;0.0;0.0;0.0;;rapport_analyse_2023 p.22
lexicale;Q09;0.0;0.0;0.0;0.0;;annuaire_2021 p.19
lexicale;Q10;1.0;1.0;1.0;1.0;1;annuaire_2024 p.17
lexicale;Q11;0.0;1.0;0.5;0.6309;2;annuaire_2024 p.10
lexicale;Q12;0.0;1.0;0.3333;0.5;3;rapport_analyse_2024 p.12
lexicale;Q13;1.0;1.0;1.0;1.0;1;rapport_analyse_2024 p.9
lexicale;Q14;0.0;1.0;0.3333;0.5;3;rapport_analyse_2024 p.33
lexicale;Q15;0.0;1.0;0.5;0.2961;2;rapport_analyse_2021 p.9
lexicale;Q16;0.0;0.0;0.0;0.0;;annuaire_2024 p.16
lexicale;Q17;0.0;1.0;0.2;0.3869;5;note_conjoncture_T1_2024 p.9
lexicale;Q18;1.0;1.0;1.0;1.0;1;rapport_analyse_2022 p.10
lexicale;Q19;0.0;1.0;0.5;0.6309;2;annuaire_2024 p.10
lexicale;Q20;1.0;1.0;1.0;0.6131;1;rapport_analyse_2022 p.12
lexicale;Q21;1.0;1.0;1.0;2.0616;1;rapport_analyse_2021 p.11
lexicale;Q22;0.0;0.0;0.1;0.0;10;annuaire_2024 p.16
lexicale;Q23;0.0;0.0;0.0;0.0;;annuaire_2021 p.32
lexicale;Q24;1.0;1.0;1.0;1.0;1;rapport_analyse_2023 p.11
lexicale;Q25;0.0;1.0;0.25;0.4307;4;rapport_analyse_2024 p.12
lexicale;Q26;0.0;0.0;0.0;0.0;;annuaire_2024 p.10
lexicale;Q27;0.0;0.0;0.1429;0.0;7;rapport_analyse_2024 p.8
lexicale;Q28;0.0;1.0;0.2;0.3869;5;rapport_analyse_2024 p.11
lexicale;Q29;0.0;0.0;0.0;0.0;;rapport_analyse_2024 p.20
lexicale;Q30;1.0;1.0;1.0;1.5;1;annuaire_2024 p.44
lexicale;Q31;1.0;1.0;1.0;1.3869;1;note_conjoncture_T2_2024 p.10
lexicale;Q32;1.0;1.0;1.0;1.0;1;note_conjoncture_T2_2024 p.8
lexicale;Q33;0.0;1.0;0.25;0.2641;4;note_conjoncture_T4_2023 p.8
lexicale;Q34;0.0;0.0;0.0;0.0;;note_conjoncture_T4_2023 p.16
lexicale;Q35;0.0;0.0;0.1429;0.0;7;note_conjoncture_T1_2025 p.10
lexicale;Q36;1.0;1.0;1.0;1.0;1;note_conjoncture_T3_2024 p.5
lexicale;Q37;0.0;1.0;0.25;0.4307;4;note_conjoncture_T4_2023 p.16
lexicale;Q38;0.0;1.0;0.3333;0.9307;3;note_conjoncture_T2_2024 p.10
lexicale;Q39;1.0;1.0;1.0;1.0;1;note_conjoncture_T1_2024 p.9
lexicale;Q40;1.0;1.0;1.0;1.0;1;note_conjoncture_T1_2024 p.7
lexicale;Q41;0.0;1.0;0.5;0.6309;2;note_conjoncture_T4_2023 p.16
lexicale;Q42;0.0;1.0;0.3333;0.5;3;note_conjoncture_T4_2023 p.20
lexicale;Q43;1.0;1.0;1.0;1.0;1;note_conjoncture_T4_2023 p.20
lexicale;Q44;0.0;0.0;0.1429;0.0;7;note_conjoncture_T4_2023 p.16
lexicale;Q45;0.0;1.0;0.3333;0.5;3;note_conjoncture_T4_2023 p.16
lexicale;Q46;1.0;1.0;1.0;1.0;1;note_conjoncture_T1_2025 p.10
lexicale;Q47;1.0;1.0;1.0;1.0;1;note_conjoncture_T1_2025 p.6
lexicale;Q48;1.0;1.0;1.0;1.0;1;note_conjoncture_T1_2025 p.10
lexicale;Q49;1.0;1.0;1.0;1.0;1;contexte_bulletin_2024 p.1
lexicale;Q50;1.0;1.0;1.0;1.0;1;contexte_bulletin_2023_05 p.1
lexicale;Q51;0.0;0.0;0.1429;0.0;7;note_conjoncture_T4_2023 p.7
lexicale;Q52;0.0;0.0;0.0;0.0;;rapport_analyse_2024 p.20
dense;Q01;1.0;1.0;1.0;1.5;1;rapport_analyse_2024 p.7
dense;Q02;1.0;1.0;1.0;1.0;1;rapport_analyse_2024 p.7
dense;Q03;0.0;1.0;0.2;0.3869;5;rapport_analyse_2022 p.9
dense;Q04;0.0;1.0;0.5;0.3869;2;rapport_analyse_2023 p.11
dense;Q05;0.0;1.0;0.5;0.6309;2;rapport_analyse_2023 p.11
dense;Q06;0.0;0.0;0.1;0.0;10;rapport_analyse_2022 p.13
dense;Q07;0.0;1.0;0.5;0.6309;2;rapport_analyse_2022 p.12
dense;Q08;0.0;0.0;0.125;0.0;8;rapport_analyse_2023 p.22
dense;Q09;0.0;0.0;0.0;0.0;;rapport_analyse_2023 p.9
dense;Q10;0.0;0.0;0.1;0.0;10;rapport_analyse_2023 p.9
dense;Q11;0.0;1.0;0.5;1.0616;2;rapport_analyse_2024 p.11
dense;Q12;1.0;1.0;1.0;1.0;1;rapport_analyse_2024 p.13
dense;Q13;1.0;1.0;1.0;1.0;1;rapport_analyse_2024 p.9
dense;Q14;0.0;0.0;0.0;0.0;;rapport_analyse_2024 p.6
dense;Q15;0.0;0.0;0.1429;0.0;7;rapport_analyse_2022 p.7
dense;Q16;1.0;1.0;1.0;1.0;1;rapport_analyse_2023 p.9
dense;Q17;1.0;1.0;1.0;1.0;1;rapport_analyse_2023 p.9
dense;Q18;0.0;1.0;0.3333;0.9307;3;rapport_analyse_2023 p.11
dense;Q19;0.0;1.0;0.5;1.1309;2;rapport_analyse_2024 p.14
dense;Q20;1.0;1.0;1.0;0.9197;1;rapport_analyse_2022 p.12
dense;Q21;1.0;1.0;1.0;2.4485;1;rapport_analyse_2021 p.11
dense;Q22;0.0;0.0;0.0;0.0;;rapport_analyse_2023 p.9
dense;Q23;0.0;0.0;0.0;0.0;;rapport_analyse_2023 p.19
dense;Q24;0.0;1.0;0.3333;0.5;3;rapport_analyse_2023 p.11
dense;Q25;0.0;1.0;0.2;0.3869;5;annuaire_2024 p.34
dense;Q26;0.0;1.0;0.5;0.6309;2;rapport_analyse_2022 p.12
dense;Q27;1.0;1.0;1.0;1.5;1;rapport_analyse_2022 p.8
dense;Q28;0.0;0.0;0.0;0.0;;rapport_analyse_2023 p.11
dense;Q29;0.0;0.0;0.0;0.0;;rapport_analyse_2022 p.16
dense;Q30;1.0;1.0;1.0;1.9307;1;annuaire_2024 p.44
dense;Q31;0.0;1.0;0.5;1.1309;2;note_conjoncture_T4_2023 p.18
dense;Q32;1.0;1.0;1.0;1.0;1;note_conjoncture_T2_2024 p.8
dense;Q33;0.0;1.0;0.3333;0.3066;3;contexte_perspective_inflation_2023 p.12
dense;Q34;0.0;0.0;0.1667;0.0;6;note_conjoncture_T4_2023 p.16
dense;Q35;0.0;1.0;0.5;0.6309;2;note_conjoncture_T2_2024 p.10
dense;Q36;1.0;1.0;1.0;1.0;1;note_conjoncture_T3_2024 p.5
dense;Q37;1.0;1.0;1.0;1.5;1;note_conjoncture_T3_2024 p.7
dense;Q38;0.0;1.0;0.5;1.0616;2;note_conjoncture_T2_2024 p.10
dense;Q39;1.0;1.0;1.0;1.0;1;note_conjoncture_T1_2024 p.9
dense;Q40;1.0;1.0;1.0;1.0;1;note_conjoncture_T1_2024 p.7
dense;Q41;0.0;1.0;0.25;0.4307;4;note_conjoncture_T4_2023 p.16
dense;Q42;1.0;1.0;1.0;1.0;1;note_conjoncture_T4_2023 p.16
dense;Q43;0.0;1.0;0.3333;0.5;3;note_conjoncture_T4_2023 p.16
dense;Q44;0.0;0.0;0.125;0.0;8;note_conjoncture_T4_2023 p.16
dense;Q45;0.0;1.0;0.3333;0.5;3;note_conjoncture_T4_2023 p.29
dense;Q46;1.0;1.0;1.0;1.0;1;note_conjoncture_T1_2025 p.10
dense;Q47;0.0;1.0;0.5;0.6309;2;note_conjoncture_T1_2025 p.5
dense;Q48;1.0;1.0;1.0;1.0;1;note_conjoncture_T1_2025 p.10
dense;Q49;1.0;1.0;1.0;1.0;1;contexte_bulletin_2024 p.1
dense;Q50;1.0;1.0;1.0;1.0;1;contexte_bulletin_2023_05 p.1
dense;Q51;1.0;1.0;1.0;1.0;1;contexte_perspective_inflation_2023 p.12
dense;Q52;0.0;0.0;0.0;0.0;;rapport_analyse_2024 p.20
hybride_k10;Q01;1.0;1.0;1.0;1.0;1;rapport_analyse_2024 p.7
hybride_k10;Q02;1.0;1.0;1.0;1.5;1;rapport_analyse_2024 p.7
hybride_k10;Q03;0.0;0.0;0.1667;0.0;6;rapport_analyse_2022 p.9
hybride_k10;Q04;1.0;1.0;1.0;0.6131;1;rapport_analyse_2024 p.9
hybride_k10;Q05;0.0;1.0;0.25;0.4307;4;rapport_analyse_2024 p.11
hybride_k10;Q06;0.0;0.0;0.1667;0.0;6;rapport_analyse_2022 p.13
hybride_k10;Q07;0.0;1.0;0.5;0.6309;2;rapport_analyse_2022 p.12
hybride_k10;Q08;0.0;0.0;0.0;0.0;;rapport_analyse_2023 p.22
hybride_k10;Q09;0.0;0.0;0.0;0.0;;rapport_analyse_2023 p.8
hybride_k10;Q10;1.0;1.0;1.0;1.0;1;annuaire_2024 p.17
hybride_k10;Q11;1.0;1.0;1.0;1.5;1;rapport_analyse_2024 p.12
hybride_k10;Q12;1.0;1.0;1.0;1.0;1;rapport_analyse_2024 p.13
hybride_k10;Q13;1.0;1.0;1.0;1.0;1;rapport_analyse_2024 p.9
hybride_k10;Q14;0.0;0.0;0.125;0.0;8;rapport_analyse_2024 p.6
hybride_k10;Q15;0.0;1.0;0.25;0.2021;4;rapport_analyse_2021 p.9
hybride_k10;Q16;0.0;1.0;0.2;0.3869;5;annuaire_2023 p.15
hybride_k10;Q17;0.0;1.0;0.5;0.6309;2;note_conjoncture_T1_2024 p.9
hybride_k10;Q18;1.0;1.0;1.0;1.3869;1;rapport_analyse_2022 p.10
hybride_k10;Q19;0.0;1.0;0.5;0.6309;2;rapport_analyse_2024 p.14
hybride_k10;Q20;1.0;1.0;1.0;0.6131;1;rapport_analyse_2022 p.12
hybride_k10;Q21;1.0;1.0;1.0;2.1309;1;rapport_analyse_2021 p.11
hybride_k10;Q22;0.0;0.0;0.1111;0.0;9;annuaire_2023 p.15
hybride_k10;Q23;0.0;0.0;0.0;0.0;;rapport_analyse_2023 p.19
hybride_k10;Q24;1.0;1.0;1.0;1.0;1;rapport_analyse_2023 p.11
hybride_k10;Q25;0.0;1.0;0.2;0.3869;5;annuaire_2024 p.34
hybride_k10;Q26;0.0;1.0;0.3333;0.5;3;annuaire_2024 p.10
hybride_k10;Q27;0.0;1.0;0.2;0.3869;5;rapport_analyse_2024 p.8
hybride_k10;Q28;0.0;0.0;0.125;0.0;8;rapport_analyse_2024 p.11
hybride_k10;Q29;0.0;0.0;0.0;0.0;;rapport_analyse_2024 p.20
hybride_k10;Q30;1.0;1.0;1.0;1.8869;1;annuaire_2024 p.44
hybride_k10;Q31;1.0;1.0;1.0;1.5;1;note_conjoncture_T2_2024 p.10
hybride_k10;Q32;1.0;1.0;1.0;1.0;1;note_conjoncture_T2_2024 p.8
hybride_k10;Q33;0.0;1.0;0.5;0.6241;2;note_conjoncture_T1_2024 p.7
hybride_k10;Q34;0.0;0.0;0.0;0.0;;note_conjoncture_T4_2023 p.16
hybride_k10;Q35;0.0;1.0;0.3333;0.5;3;note_conjoncture_T2_2024 p.10
hybride_k10;Q36;1.0;1.0;1.0;1.0;1;note_conjoncture_T3_2024 p.5
hybride_k10;Q37;1.0;1.0;1.0;1.3869;1;note_conjoncture_T3_2024 p.7
hybride_k10;Q38;0.0;1.0;0.5;1.0616;2;note_conjoncture_T2_2024 p.10
hybride_k10;Q39;1.0;1.0;1.0;1.0;1;note_conjoncture_T1_2024 p.9
hybride_k10;Q40;1.0;1.0;1.0;1.0;1;note_conjoncture_T1_2024 p.7
hybride_k10;Q41;0.0;1.0;0.5;0.6309;2;note_conjoncture_T4_2023 p.16
hybride_k10;Q42;1.0;1.0;1.0;1.0;1;note_conjoncture_T4_2023 p.16
hybride_k10;Q43;0.0;1.0;0.5;0.6309;2;note_conjoncture_T4_2023 p.16
hybride_k10;Q44;0.0;0.0;0.125;0.0;8;note_conjoncture_T4_2023 p.16
hybride_k10;Q45;0.0;1.0;0.5;0.6309;2;note_conjoncture_T4_2023 p.16
hybride_k10;Q46;1.0;1.0;1.0;1.0;1;note_conjoncture_T1_2025 p.10
hybride_k10;Q47;0.0;1.0;0.5;0.6309;2;note_conjoncture_T1_2025 p.5
hybride_k10;Q48;1.0;1.0;1.0;1.0;1;note_conjoncture_T1_2025 p.10
hybride_k10;Q49;1.0;1.0;1.0;1.0;1;contexte_bulletin_2024 p.1
hybride_k10;Q50;1.0;1.0;1.0;1.0;1;contexte_bulletin_2023_05 p.1
hybride_k10;Q51;0.0;1.0;0.3333;0.8869;3;contexte_perspective_inflation_2023 p.22
hybride_k10;Q52;0.0;0.0;0.0;0.0;;rapport_analyse_2024 p.20
hybride_k20;Q01;1.0;1.0;1.0;1.0;1;rapport_analyse_2024 p.7
hybride_k20;Q02;1.0;1.0;1.0;1.5;1;rapport_analyse_2024 p.7
hybride_k20;Q03;0.0;0.0;0.1667;0.0;6;rapport_analyse_2022 p.9
hybride_k20;Q04;1.0;1.0;1.0;0.6131;1;rapport_analyse_2024 p.9
hybride_k20;Q05;0.0;1.0;0.3333;0.5;3;rapport_analyse_2024 p.11
hybride_k20;Q06;0.0;1.0;0.25;0.4307;4;rapport_analyse_2022 p.13
hybride_k20;Q07;0.0;1.0;0.5;0.6309;2;rapport_analyse_2022 p.12
hybride_k20;Q08;0.0;0.0;0.0;0.0;;rapport_analyse_2023 p.22
hybride_k20;Q09;0.0;0.0;0.0;0.0;;rapport_analyse_2023 p.8
hybride_k20;Q10;1.0;1.0;1.0;1.0;1;annuaire_2024 p.17
hybride_k20;Q11;1.0;1.0;1.0;1.5;1;rapport_analyse_2024 p.12
hybride_k20;Q12;1.0;1.0;1.0;1.0;1;rapport_analyse_2024 p.13
hybride_k20;Q13;1.0;1.0;1.0;1.0;1;rapport_analyse_2024 p.9
hybride_k20;Q14;0.0;0.0;0.1429;0.0;7;rapport_analyse_2024 p.6
hybride_k20;Q15;0.0;1.0;0.25;0.2021;4;rapport_analyse_2021 p.9
hybride_k20;Q16;0.0;0.0;0.1667;0.0;6;annuaire_2023 p.15
hybride_k20;Q17;0.0;1.0;0.25;0.8175;4;rapport_analyse_2022 p.9
hybride_k20;Q18;0.0;1.0;0.5;1.0616;2;rapport_analyse_2023 p.11
hybride_k20;Q19;0.0;1.0;0.5;0.6309;2;rapport_analyse_2024 p.14
hybride_k20;Q20;1.0;1.0;1.0;0.6131;1;rapport_analyse_2022 p.12
hybride_k20;Q21;1.0;1.0;1.0;2.1309;1;rapport_analyse_2021 p.11
hybride_k20;Q22;0.0;0.0;0.1111;0.0;9;rapport_analyse_2024 p.7
hybride_k20;Q23;0.0;0.0;0.0;0.0;;rapport_analyse_2023 p.19
hybride_k20;Q24;1.0;1.0;1.0;1.0;1;rapport_analyse_2023 p.11
hybride_k20;Q25;0.0;1.0;0.2;0.3869;5;annuaire_2024 p.34
hybride_k20;Q26;0.0;1.0;0.3333;0.5;3;annuaire_2024 p.10
hybride_k20;Q27;0.0;1.0;0.2;0.3869;5;rapport_analyse_2024 p.8
hybride_k20;Q28;0.0;0.0;0.1667;0.0;6;rapport_analyse_2024 p.11
hybride_k20;Q29;0.0;0.0;0.0;0.0;;rapport_analyse_2024 p.20
hybride_k20;Q30;1.0;1.0;1.0;1.8869;1;annuaire_2024 p.44
hybride_k20;Q31;1.0;1.0;1.0;1.5;1;note_conjoncture_T2_2024 p.10
hybride_k20;Q32;1.0;1.0;1.0;1.0;1;note_conjoncture_T2_2024 p.8
hybride_k20;Q33;0.0;1.0;0.5;0.8881;2;note_conjoncture_T1_2024 p.7
hybride_k20;Q34;0.0;0.0;0.0;0.0;;note_conjoncture_T4_2023 p.16
hybride_k20;Q35;0.0;1.0;0.3333;0.5;3;note_conjoncture_T2_2024 p.10
hybride_k20;Q36;1.0;1.0;1.0;1.0;1;note_conjoncture_T3_2024 p.5
hybride_k20;Q37;1.0;1.0;1.0;1.3869;1;note_conjoncture_T3_2024 p.7
hybride_k20;Q38;0.0;1.0;0.5;1.0616;2;note_conjoncture_T2_2024 p.10
hybride_k20;Q39;1.0;1.0;1.0;1.0;1;note_conjoncture_T1_2024 p.9
hybride_k20;Q40;1.0;1.0;1.0;1.0;1;note_conjoncture_T1_2024 p.7
hybride_k20;Q41;0.0;1.0;0.5;0.6309;2;note_conjoncture_T4_2023 p.16
hybride_k20;Q42;1.0;1.0;1.0;1.0;1;note_conjoncture_T4_2023 p.16
hybride_k20;Q43;0.0;1.0;0.5;0.6309;2;note_conjoncture_T4_2023 p.16
hybride_k20;Q44;0.0;0.0;0.125;0.0;8;note_conjoncture_T4_2023 p.16
hybride_k20;Q45;0.0;1.0;0.5;0.6309;2;note_conjoncture_T4_2023 p.16
hybride_k20;Q46;1.0;1.0;1.0;1.0;1;note_conjoncture_T1_2025 p.10
hybride_k20;Q47;0.0;1.0;0.5;0.6309;2;note_conjoncture_T1_2025 p.5
hybride_k20;Q48;1.0;1.0;1.0;1.0;1;note_conjoncture_T1_2025 p.10
hybride_k20;Q49;1.0;1.0;1.0;1.0;1;contexte_bulletin_2024 p.1
hybride_k20;Q50;1.0;1.0;1.0;1.0;1;contexte_bulletin_2023_05 p.1
hybride_k20;Q51;0.0;1.0;0.3333;0.8869;3;contexte_perspective_inflation_2023 p.22
hybride_k20;Q52;0.0;0.0;0.0;0.0;;rapport_analyse_2024 p.20
hybride_k60;Q01;1.0;1.0;1.0;1.0;1;rapport_analyse_2024 p.7
hybride_k60;Q02;1.0;1.0;1.0;1.5;1;rapport_analyse_2024 p.7
hybride_k60;Q03;0.0;0.0;0.1667;0.0;6;rapport_analyse_2022 p.9
hybride_k60;Q04;1.0;1.0;1.0;0.6131;1;rapport_analyse_2024 p.9
hybride_k60;Q05;0.0;1.0;0.3333;0.5;3;rapport_analyse_2024 p.11
hybride_k60;Q06;0.0;1.0;0.25;0.4307;4;rapport_analyse_2022 p.13
hybride_k60;Q07;0.0;1.0;0.5;0.6309;2;rapport_analyse_2022 p.12
hybride_k60;Q08;0.0;0.0;0.0;0.0;;rapport_analyse_2023 p.22
hybride_k60;Q09;0.0;0.0;0.0;0.0;;rapport_analyse_2023 p.8
hybride_k60;Q10;1.0;1.0;1.0;1.0;1;annuaire_2024 p.17
hybride_k60;Q11;1.0;1.0;1.0;1.5;1;rapport_analyse_2024 p.12
hybride_k60;Q12;1.0;1.0;1.0;1.0;1;rapport_analyse_2024 p.13
hybride_k60;Q13;1.0;1.0;1.0;1.0;1;rapport_analyse_2024 p.9
hybride_k60;Q14;0.0;0.0;0.125;0.0;8;rapport_analyse_2024 p.6
hybride_k60;Q15;0.0;1.0;0.25;0.2021;4;rapport_analyse_2021 p.9
hybride_k60;Q16;0.0;0.0;0.1667;0.0;6;annuaire_2023 p.15
hybride_k60;Q17;0.0;1.0;0.5;0.6309;2;rapport_analyse_2022 p.9
hybride_k60;Q18;0.0;1.0;0.5;1.0178;2;rapport_analyse_2023 p.11
hybride_k60;Q19;0.0;1.0;0.5;0.6309;2;rapport_analyse_2024 p.14
hybride_k60;Q20;1.0;1.0;1.0;0.6131;1;rapport_analyse_2022 p.12
hybride_k60;Q21;1.0;1.0;1.0;2.1309;1;rapport_analyse_2021 p.11
hybride_k60;Q22;0.0;0.0;0.1429;0.0;7;rapport_analyse_2024 p.7
hybride_k60;Q23;0.0;0.0;0.0;0.0;;rapport_analyse_2023 p.19
hybride_k60;Q24;1.0;1.0;1.0;1.0;1;rapport_analyse_2023 p.11
hybride_k60;Q25;0.0;1.0;0.2;0.3869;5;annuaire_2024 p.34
hybride_k60;Q26;0.0;1.0;0.3333;0.5;3;annuaire_2024 p.10
hybride_k60;Q27;0.0;1.0;0.25;0.4307;4;rapport_analyse_2024 p.8
hybride_k60;Q28;0.0;1.0;0.2;0.3869;5;rapport_analyse_2024 p.11
hybride_k60;Q29;0.0;0.0;0.0;0.0;;rapport_analyse_2024 p.20
hybride_k60;Q30;1.0;1.0;1.0;1.8869;1;annuaire_2024 p.44
hybride_k60;Q31;1.0;1.0;1.0;1.5;1;note_conjoncture_T2_2024 p.10
hybride_k60;Q32;1.0;1.0;1.0;1.0;1;note_conjoncture_T2_2024 p.8
hybride_k60;Q33;0.0;1.0;0.5;0.8881;2;note_conjoncture_T1_2024 p.7
hybride_k60;Q34;0.0;0.0;0.0;0.0;;note_conjoncture_T4_2023 p.16
hybride_k60;Q35;0.0;1.0;0.3333;0.5;3;note_conjoncture_T2_2024 p.10
hybride_k60;Q36;1.0;1.0;1.0;1.0;1;note_conjoncture_T3_2024 p.5
hybride_k60;Q37;1.0;1.0;1.0;1.3869;1;note_conjoncture_T3_2024 p.7
hybride_k60;Q38;0.0;1.0;0.5;1.0616;2;note_conjoncture_T2_2024 p.10
hybride_k60;Q39;1.0;1.0;1.0;1.0;1;note_conjoncture_T1_2024 p.9
hybride_k60;Q40;1.0;1.0;1.0;1.0;1;note_conjoncture_T1_2024 p.7
hybride_k60;Q41;0.0;1.0;0.5;0.6309;2;note_conjoncture_T4_2023 p.16
hybride_k60;Q42;1.0;1.0;1.0;1.0;1;note_conjoncture_T4_2023 p.16
hybride_k60;Q43;0.0;1.0;0.5;0.6309;2;note_conjoncture_T4_2023 p.16
hybride_k60;Q44;0.0;0.0;0.125;0.0;8;note_conjoncture_T4_2023 p.16
hybride_k60;Q45;0.0;1.0;0.5;0.6309;2;note_conjoncture_T4_2023 p.16
hybride_k60;Q46;1.0;1.0;1.0;1.0;1;note_conjoncture_T1_2025 p.10
hybride_k60;Q47;0.0;1.0;0.5;0.6309;2;note_conjoncture_T1_2025 p.5
hybride_k60;Q48;1.0;1.0;1.0;1.0;1;note_conjoncture_T1_2025 p.10
hybride_k60;Q49;1.0;1.0;1.0;1.0;1;contexte_bulletin_2024 p.1
hybride_k60;Q50;1.0;1.0;1.0;1.0;1;contexte_bulletin_2023_05 p.1
hybride_k60;Q51;0.0;1.0;0.3333;0.9307;3;contexte_perspective_inflation_2023 p.22
hybride_k60;Q52;0.0;0.0;0.0;0.0;;rapport_analyse_2024 p.20
hybride_sans_lexique;Q01;1.0;1.0;1.0;1.5;1;rapport_analyse_2024 p.7
hybride_sans_lexique;Q02;1.0;1.0;1.0;1.5;1;rapport_analyse_2024 p.7
hybride_sans_lexique;Q03;0.0;0.0;0.1429;0.0;7;rapport_analyse_2022 p.9
hybride_sans_lexique;Q04;0.0;1.0;0.5;0.3869;2;rapport_analyse_2024 p.11
hybride_sans_lexique;Q05;0.0;1.0;0.25;0.8175;4;rapport_analyse_2024 p.11
hybride_sans_lexique;Q06;0.0;0.0;0.1111;0.0;9;rapport_analyse_2022 p.13
hybride_sans_lexique;Q07;0.0;1.0;0.5;0.6309;2;rapport_analyse_2022 p.12
hybride_sans_lexique;Q08;0.0;0.0;0.0;0.0;;rapport_analyse_2023 p.22
hybride_sans_lexique;Q09;0.0;0.0;0.0;0.0;;rapport_analyse_2024 p.7
hybride_sans_lexique;Q10;1.0;1.0;1.0;1.0;1;annuaire_2024 p.17
hybride_sans_lexique;Q11;1.0;1.0;1.0;2.0178;1;rapport_analyse_2024 p.12
hybride_sans_lexique;Q12;1.0;1.0;1.0;1.0;1;rapport_analyse_2024 p.13
hybride_sans_lexique;Q13;1.0;1.0;1.0;1.0;1;rapport_analyse_2024 p.9
hybride_sans_lexique;Q14;0.0;0.0;0.1429;0.0;7;rapport_analyse_2024 p.6
hybride_sans_lexique;Q15;0.0;0.0;0.1667;0.0;6;rapport_analyse_2021 p.9
hybride_sans_lexique;Q16;0.0;0.0;0.1667;0.0;6;annuaire_2023 p.16
hybride_sans_lexique;Q17;0.0;1.0;0.5;1.0178;2;rapport_analyse_2022 p.9
hybride_sans_lexique;Q18;1.0;1.0;1.0;1.4307;1;rapport_analyse_2022 p.10
hybride_sans_lexique;Q19;0.0;1.0;0.5;0.6309;2;rapport_analyse_2024 p.14
hybride_sans_lexique;Q20;1.0;1.0;1.0;0.8503;1;rapport_analyse_2022 p.12
hybride_sans_lexique;Q21;1.0;1.0;1.0;2.1309;1;rapport_analyse_2021 p.11
hybride_sans_lexique;Q22;0.0;0.0;0.1429;0.0;7;rapport_analyse_2024 p.7
hybride_sans_lexique;Q23;0.0;0.0;0.0;0.0;;rapport_analyse_2023 p.19
hybride_sans_lexique;Q24;1.0;1.0;1.0;1.0;1;rapport_analyse_2023 p.11
hybride_sans_lexique;Q25;0.0;1.0;0.2;0.3869;5;annuaire_2024 p.34
hybride_sans_lexique;Q26;0.0;1.0;0.5;0.6309;2;annuaire_2024 p.10
hybride_sans_lexique;Q27;0.0;0.0;0.1667;0.0;6;rapport_analyse_2022 p.9
hybride_sans_lexique;Q28;0.0;1.0;0.2;0.3869;5;rapport_analyse_2024 p.11
hybride_sans_lexique;Q29;0.0;0.0;0.0;0.0;;rapport_analyse_2022 p.16
hybride_sans_lexique;Q30;1.0;1.0;1.0;1.8869;1;annuaire_2024 p.44
hybride_sans_lexique;Q31;0.0;1.0;0.5;1.4485;2;note_conjoncture_T4_2023 p.18
hybride_sans_lexique;Q32;1.0;1.0;1.0;1.0;1;note_conjoncture_T2_2024 p.8
hybride_sans_lexique;Q33;1.0;1.0;1.0;1.1144;1;note_conjoncture_T2_2024 p.6
hybride_sans_lexique;Q34;0.0;0.0;0.0;0.0;;note_conjoncture_T4_2023 p.16
hybride_sans_lexique;Q35;0.0;1.0;0.2;0.3869;5;note_conjoncture_T2_2024 p.10
hybride_sans_lexique;Q36;1.0;1.0;1.0;1.0;1;note_conjoncture_T3_2024 p.5
hybride_sans_lexique;Q37;0.0;1.0;0.5;1.0178;2;note_conjoncture_T4_2023 p.29
hybride_sans_lexique;Q38;1.0;1.0;1.0;1.5;1;note_conjoncture_T1_2024 p.10
hybride_sans_lexique;Q39;1.0;1.0;1.0;1.0;1;note_conjoncture_T1_2024 p.9
hybride_sans_lexique;Q40;1.0;1.0;1.0;1.0;1;note_conjoncture_T1_2024 p.7
hybride_sans_lexique;Q41;0.0;1.0;0.5;0.6309;2;note_conjoncture_T4_2023 p.16
hybride_sans_lexique;Q42;1.0;1.0;1.0;1.0;1;note_conjoncture_T4_2023 p.16
hybride_sans_lexique;Q43;0.0;1.0;0.3333;0.5;3;note_conjoncture_T4_2023 p.16
hybride_sans_lexique;Q44;0.0;0.0;0.125;0.0;8;note_conjoncture_T4_2023 p.16
hybride_sans_lexique;Q45;0.0;1.0;0.25;0.4307;4;note_conjoncture_T4_2023 p.16
hybride_sans_lexique;Q46;1.0;1.0;1.0;1.0;1;note_conjoncture_T1_2025 p.10
hybride_sans_lexique;Q47;0.0;1.0;0.5;0.6309;2;note_conjoncture_T1_2025 p.5
hybride_sans_lexique;Q48;1.0;1.0;1.0;1.0;1;note_conjoncture_T1_2025 p.10
hybride_sans_lexique;Q49;1.0;1.0;1.0;1.0;1;contexte_bulletin_2024 p.1
hybride_sans_lexique;Q50;1.0;1.0;1.0;1.0;1;contexte_bulletin_2023_05 p.1
hybride_sans_lexique;Q51;0.0;1.0;0.3333;0.5;3;contexte_perspective_inflation_2023 p.22
hybride_sans_lexique;Q52;0.0;0.0;0.0;0.0;;rapport_analyse_2024 p.20
lexicale_sans_lexique;Q01;1.0;1.0;1.0;1.6309;1;rapport_analyse_2024 p.7
lexicale_sans_lexique;Q02;1.0;1.0;1.0;1.4307;1;rapport_analyse_2024 p.7
lexicale_sans_lexique;Q03;0.0;0.0;0.125;0.0;8;rapport_analyse_2022 p.10
lexicale_sans_lexique;Q04;0.0;1.0;0.25;0.2641;4;rapport_analyse_2024 p.11
lexicale_sans_lexique;Q05;0.0;1.0;0.3333;0.5;3;rapport_analyse_2024 p.11
lexicale_sans_lexique;Q06;0.0;0.0;0.0;0.0;;rapport_analyse_2022 p.13
lexicale_sans_lexique;Q07;1.0;1.0;1.0;1.0;1;rapport_analyse_2024 p.15
lexicale_sans_lexique;Q08;0.0;0.0;0.0;0.0;;rapport_analyse_2023 p.22
lexicale_sans_lexique;Q09;0.0;1.0;0.2;0.3869;5;annuaire_2021 p.19
lexicale_sans_lexique;Q10;1.0;1.0;1.0;1.0;1;annuaire_2024 p.17
lexicale_sans_lexique;Q11;0.0;1.0;0.5;1.0178;2;annuaire_2024 p.10
lexicale_sans_lexique;Q12;0.0;1.0;0.5;0.6309;2;rapport_analyse_2023 p.9
lexicale_sans_lexique;Q13;1.0;1.0;1.0;1.0;1;rapport_analyse_2024 p.9
lexicale_sans_lexique;Q14;0.0;1.0;0.25;0.4307;4;rapport_analyse_2024 p.33
lexicale_sans_lexique;Q15;0.0;1.0;0.5;0.2961;2;rapport_analyse_2021 p.9
lexicale_sans_lexique;Q16;0.0;0.0;0.0;0.0;;annuaire_2024 p.16
lexicale_sans_lexique;Q17;0.0;0.0;0.1667;0.0;6;note_conjoncture_T1_2024 p.9
lexicale_sans_lexique;Q18;0.0;1.0;0.2;0.3869;5;rapport_analyse_2024 p.11
lexicale_sans_lexique;Q19;1.0;1.0;1.0;1.0;1;rapport_analyse_2022 p.12
lexicale_sans_lexique;Q20;1.0;1.0;1.0;0.6131;1;rapport_analyse_2022 p.12
lexicale_sans_lexique;Q21;1.0;1.0;1.0;2.1309;1;rapport_analyse_2021 p.11
lexicale_sans_lexique;Q22;0.0;0.0;0.0;0.0;;rapport_analyse_2024 p.7
lexicale_sans_lexique;Q23;0.0;0.0;0.0;0.0;;annuaire_2021 p.32
lexicale_sans_lexique;Q24;1.0;1.0;1.0;1.0;1;rapport_analyse_2023 p.11
lexicale_sans_lexique;Q25;0.0;1.0;0.25;0.4307;4;rapport_analyse_2024 p.12
lexicale_sans_lexique;Q26;0.0;0.0;0.1667;0.0;6;annuaire_2024 p.10
lexicale_sans_lexique;Q27;0.0;0.0;0.1667;0.0;6;rapport_analyse_2022 p.16
lexicale_sans_lexique;Q28;0.0;1.0;0.5;1.0616;2;rapport_analyse_2024 p.11
lexicale_sans_lexique;Q29;0.0;0.0;0.0;0.0;;rapport_analyse_2024 p.2
lexicale_sans_lexique;Q30;1.0;1.0;1.0;1.5;1;annuaire_2024 p.44
lexicale_sans_lexique;Q31;0.0;1.0;0.5;0.6309;2;note_conjoncture_T4_2023 p.18
lexicale_sans_lexique;Q32;1.0;1.0;1.0;1.0;1;note_conjoncture_T2_2024 p.8
lexicale_sans_lexique;Q33;0.0;1.0;0.25;0.2641;4;note_conjoncture_T1_2025 p.12
lexicale_sans_lexique;Q34;0.0;0.0;0.0;0.0;;note_conjoncture_T4_2023 p.16
lexicale_sans_lexique;Q35;0.0;0.0;0.1429;0.0;7;note_conjoncture_T1_2025 p.10
lexicale_sans_lexique;Q36;1.0;1.0;1.0;1.0;1;note_conjoncture_T3_2024 p.5
lexicale_sans_lexique;Q37;0.0;1.0;0.2;0.3869;5;note_conjoncture_T4_2023 p.16
lexicale_sans_lexique;Q38;1.0;1.0;1.0;1.5;1;note_conjoncture_T1_2024 p.10
lexicale_sans_lexique;Q39;1.0;1.0;1.0;1.0;1;note_conjoncture_T1_2024 p.9
lexicale_sans_lexique;Q40;1.0;1.0;1.0;1.0;1;note_conjoncture_T1_2024 p.7
lexicale_sans_lexique;Q41;0.0;1.0;0.5;0.6309;2;note_conjoncture_T4_2023 p.16
lexicale_sans_lexique;Q42;0.0;1.0;0.3333;0.5;3;note_conjoncture_T4_2023 p.20
lexicale_sans_lexique;Q43;0.0;1.0;0.3333;0.5;3;note_conjoncture_T4_2023 p.27
lexicale_sans_lexique;Q44;0.0;0.0;0.1667;0.0;6;note_conjoncture_T4_2023 p.16
lexicale_sans_lexique;Q45;0.0;1.0;0.3333;0.5;3;note_conjoncture_T4_2023 p.16
lexicale_sans_lexique;Q46;1.0;1.0;1.0;1.0;1;note_conjoncture_T1_2025 p.10
lexicale_sans_lexique;Q47;1.0;1.0;1.0;1.0;1;note_conjoncture_T1_2025 p.6
lexicale_sans_lexique;Q48;1.0;1.0;1.0;1.0;1;note_conjoncture_T1_2025 p.10
lexicale_sans_lexique;Q49;1.0;1.0;1.0;1.0;1;contexte_bulletin_2024 p.1
lexicale_sans_lexique;Q50;1.0;1.0;1.0;1.0;1;contexte_bulletin_2023_05 p.1
lexicale_sans_lexique;Q51;0.0;0.0;0.1111;0.0;9;note_conjoncture_T4_2023 p.7
lexicale_sans_lexique;Q52;0.0;0.0;0.0;0.0;;rapport_analyse_2024 p.20
