code;valeur;phrase;present_ailleurs_sur_la_page_du_tableau;typologie
stock-pme-region;444 302;Il ressort, qu’en 2024, le stock d’entreprises en activités au Cameroun est estimé à 444 302 unités, dont 443 524 PME et 778 Grandes Entreprises (GE).;0;invention
stock-pme-region;778;Il ressort, qu’en 2024, le stock d’entreprises en activités au Cameroun est estimé à 444 302 unités, dont 443 524 PME et 778 Grandes Entreprises (GE).;0;calcul
stock-pme-region;12,8;En glissement annuel, on note une augmentation du stock de +12,8% des PME.;0;calcul
stock-pme-region;26,8;Sur la période de mise en œuvre du CSP 2022-2024, on a observé également une augmentation du stock des PME de 26,8%, témoin d’une vitalité de l’entrepreneuriat et d’une stabilité de l’environnement économique.;0;calcul
stock-pme-region;287 376;Par ailleurs, on observe que ce stock des PME est passé de 287 376 en 2019 à 443 524 en 2024, soit un taux de croissance de 54,3% sur la période.;0;chiffre d'un autre exercice
stock-pme-region;54,3;Par ailleurs, on observe que ce stock des PME est passé de 287 376 en 2019 à 443 524 en 2024, soit un taux de croissance de 54,3% sur la période.;0;calcul
stock-pme-region;57,4;Suivant ces estimations, la majorité des PME sont concentrées dans les villes de Douala (33,5%) et de Yaoundé (23,9%), soit 57,4% du stock estimé des PME au Cameroun.;0;chiffre d'un autre exercice
stock-pme-region;13,3;Par ailleurs, les régions du Nord-Ouest et du Sud-Ouest recouvrent 13,3% du stock des PME en activités en 2024 en dépit du contexte sécuritaire persistant dans ces zones.;0;chiffre d'un autre exercice
stock-pme-secteur-activite;18,16;Par ailleurs, sur la période 2022-2024, on a observé également une augmentation de la part des PME du secteur secondaire qui est passé de 18,16% en 2022 à 22,70% en 2024.;0;chiffre d'un autre exercice
stock-pme-secteur-activite;21,99;La même dynamique a été observée sur la période 2019-2024 où cette part est passée de 21,99% en 2019 à 22,70% en 2024.;0;chiffre d'un autre exercice
stock-pme-tranche-age-promoteur-dirigeant;69,7;Plus de 60 ans Moins de 20 ans Les données analysées montrent que la tranche d’âge la plus entreprenante est celle de 30 à 40 ans, représentant 39,8% des dirigeants des PME en 2024, avec 69,7% de ces promoteurs qui sont des jeunes de moins de 40 ans.;0;calcul
stock-pme-tranche-age-promoteur-dirigeant;62 902;Par ailleurs, les données du dernier recensement des entreprises réalisé par l’INS situent le nombre des entreprises formelles au sens strict à 62 902, soit 14,6% seulement de stock d’entreprises, c’està-dire celles qui respectent les réglementations et les obligations légales, qui disposent des out;0;invention
stock-pme-tranche-age-promoteur-dirigeant;14,6;Par ailleurs, les données du dernier recensement des entreprises réalisé par l’INS situent le nombre des entreprises formelles au sens strict à 62 902, soit 14,6% seulement de stock d’entreprises, c’està-dire celles qui respectent les réglementations et les obligations légales, qui disposent des out;0;calcul
stock-pme-tranche-age-promoteur-dirigeant;62 124;Dans cette catégorie, les PME sont à 62 124, ce qui veut dire seulement 14% des PME sont bien structurées et font une déclaration statistique et fiscale de leurs activités.;0;invention
stock-pme-tranche-age-promoteur-dirigeant;14;Dans cette catégorie, les PME sont à 62 124, ce qui veut dire seulement 14% des PME sont bien structurées et font une déclaration statistique et fiscale de leurs activités.;0;calcul
pme-creees-sur-periode;35,4;Ces nouvelles créations ont connu une hausse de 7,5% par rapport à 2023, et de 35,4% par rapport à 2022.;0;calcul
pme-creees-secteur-activite;1,47;Sur la période 2022-2024, bien que la proportion de PME créées dans le secteur secondaire a connu une baisse de 1,47 point de pourcentage, passant de 13,2% en 2022 à 11,8% en 2024, on a observé une évolution des créations en termes de nombre des PME créées dans le secteur secondaire qui est passé de;0;calcul
pme-creees-secteur-activite;13,2;Sur la période 2022-2024, bien que la proportion de PME créées dans le secteur secondaire a connu une baisse de 1,47 point de pourcentage, passant de 13,2% en 2022 à 11,8% en 2024, on a observé une évolution des créations en termes de nombre des PME créées dans le secteur secondaire qui est passé de;0;calcul
proportion-pme-creees-dans-cfce-genre;26,58;En 2024, la dynamique de création des PME par les femmes (26,58%) a été observée bien que les hommes restent majoritaires avec 73,4%.;0;calcul
proportion-pme-creees-dans-cfce-genre;0,71;Sur la période 2022-2024, on a observé une légère amélioration de la proportion des PME créées par les femmes avec un gain de 0,71 point de pourcentage.;0;calcul
proportion-pme-creees-dans-cfce-genre;57,2;Toutefois, il est à noter que le nombre de PME créées par les femmes est passé de 3 572 en 2019 à 5 616 en 2024, soit une augmentation de 57,2% sur la période traduisant ainsi les efforts en matière de politique d’accompagnement de l’entrepreneuriat féminin.;0;calcul
nombre-oes-creees;1,1;En 2024 on dénombre 3 909 nouvelles Organisations de l’Économies Sociale créées sur l’ensemble du territoire national, contre 3 865 en 2023, soit une hausse de 1,1%.;0;calcul
nombre-oes-creees;14,8;Le nombre d’OES créées est passé de 3 405 en 2022 à 3 909 en 2024, soit une augmentation de 14,8%, traduisant le résultat des efforts réalisés en matière de développement de l’économie sociale, notamment la mise la place des réseaux de l’économie sociale dans les territoires.;0;calcul
nombre-oes-creees;350;Ces réseaux de l’économie sociale mis en place par l’accompagnement du ministère sont passés de 350 en 2023 (292 RELESS, 49 REDESS, 9 RERESS) à 389 en 2024(326 RELESS, 54 REDESS, 9 RERESS).;0;calcul
nombre-oes-creees;292;Ces réseaux de l’économie sociale mis en place par l’accompagnement du ministère sont passés de 350 en 2023 (292 RELESS, 49 REDESS, 9 RERESS) à 389 en 2024(326 RELESS, 54 REDESS, 9 RERESS).;0;calcul
nombre-oes-creees;49;Ces réseaux de l’économie sociale mis en place par l’accompagnement du ministère sont passés de 350 en 2023 (292 RELESS, 49 REDESS, 9 RERESS) à 389 en 2024(326 RELESS, 54 REDESS, 9 RERESS).;0;calcul
nombre-oes-creees;9;Ces réseaux de l’économie sociale mis en place par l’accompagnement du ministère sont passés de 350 en 2023 (292 RELESS, 49 REDESS, 9 RERESS) à 389 en 2024(326 RELESS, 54 REDESS, 9 RERESS).;0;calcul
nombre-oes-creees;389;Ces réseaux de l’économie sociale mis en place par l’accompagnement du ministère sont passés de 350 en 2023 (292 RELESS, 49 REDESS, 9 RERESS) à 389 en 2024(326 RELESS, 54 REDESS, 9 RERESS).;0;calcul
nombre-oes-creees;326;Ces réseaux de l’économie sociale mis en place par l’accompagnement du ministère sont passés de 350 en 2023 (292 RELESS, 49 REDESS, 9 RERESS) à 389 en 2024(326 RELESS, 54 REDESS, 9 RERESS).;0;calcul
nombre-oes-creees;54;Ces réseaux de l’économie sociale mis en place par l’accompagnement du ministère sont passés de 350 en 2023 (292 RELESS, 49 REDESS, 9 RERESS) à 389 en 2024(326 RELESS, 54 REDESS, 9 RERESS).;0;calcul
nombre-oes-creees;9;Ces réseaux de l’économie sociale mis en place par l’accompagnement du ministère sont passés de 350 en 2023 (292 RELESS, 49 REDESS, 9 RERESS) à 389 en 2024(326 RELESS, 54 REDESS, 9 RERESS).;0;calcul
oes-creees-region;71,9;Ces quatre régions regroupent 71,9% des OES créées en 2024.;0;calcul
upa-enregistrees-dans-bureaux-communaux-region;5 784;En 2024, les Bureaux Communaux de l’Artisanat (BCA) ont enregistré 3 602 Unités de Production Artisanale (UPA) contre 3 557 en 2023 et 5 784 en 2022.;0;calcul
upa-enregistrees-dans-bureaux-communaux-region;68,74;Depuis 2019, on observe une forte baisse des enregistrements des UPA dans les Bureaux Communaux (-68,74%).;0;invention
upa-enregistrees-dans-bureaux-communaux-region;360;Malgré l’implémentation des BCA dans les 360 communes du pays, il est à relever que des difficultés persistent dans la mobilisation des artisans pour leur formalisation à travers leur enregistrement.;0;calcul
upa-enregistrees-dans-bureaux-communaux-region;9;Par ailleurs, les villages artisanaux (CIAY, 9 VAR, 3 VAS) mis en place par le ministère dans les 10 régions doivent contribuer davantage à l’éclosion et à la densification de l’artisanat dans chaque région au regard des potentialités locales.;0;calcul
upa-enregistrees-dans-bureaux-communaux-region;3;Par ailleurs, les villages artisanaux (CIAY, 9 VAR, 3 VAS) mis en place par le ministère dans les 10 régions doivent contribuer davantage à l’éclosion et à la densification de l’artisanat dans chaque région au regard des potentialités locales.;0;calcul
upa-enregistrees-dans-bureaux-communaux-region;10;Par ailleurs, les villages artisanaux (CIAY, 9 VAR, 3 VAS) mis en place par le ministère dans les 10 régions doivent contribuer davantage à l’éclosion et à la densification de l’artisanat dans chaque région au regard des potentialités locales.;0;arrondi
upa-enregistrees-typologie-artisanat-region;13,10;Sur la période 2022-2024, la proportion des UPA enregistrées dans le secteur de production s’est améliorée de 13,10 points de pourcentage, passant de 41,80% en 2022 à 54,90% en 2024.;0;calcul
upa-enregistrees-typologie-artisanat-region;41,80;Sur la période 2022-2024, la proportion des UPA enregistrées dans le secteur de production s’est améliorée de 13,10 points de pourcentage, passant de 41,80% en 2022 à 54,90% en 2024.;0;calcul
pme-typologie;99,8;Les PME constituent 99,8% des entreprises au Cameroun et, de par leur nombre, elles jouent un rôle significatif dans la dynamique économique nationale.;0;calcul
pme-typologie;19 886;Le dernier recensement des entreprises réalisé par l’INS situe le chiffre d’affaires dégagé par l’ensemble des entreprises recensées au Cameroun à 19 886 Milliards de FCFA représentant environ 70% du PIB total.;0;invention
pme-typologie;70;Le dernier recensement des entreprises réalisé par l’INS situe le chiffre d’affaires dégagé par l’ensemble des entreprises recensées au Cameroun à 19 886 Milliards de FCFA représentant environ 70% du PIB total.;0;calcul
pme-typologie;5 109;Considérant ces données, les chiffres d’affaires générés par les PME représentent 5 109 Milliards de FCFA soit 25,7 % du CA total générés par les entreprises.;0;calcul
pme-typologie;25,7;Considérant ces données, les chiffres d’affaires générés par les PME représentent 5 109 Milliards de FCFA soit 25,7 % du CA total générés par les entreprises.;0;calcul
pme-typologie;17,61;Cette contribution représente 17,61 % du PIB total, en comparaison à la Côte d’Ivoire où les PME contribuent à 23 % du PIB.;0;invention
pme-typologie;23;Cette contribution représente 17,61 % du PIB total, en comparaison à la Côte d’Ivoire où les PME contribuent à 23 % du PIB.;0;calcul
pme-typologie;87,1;"Ce niveau de contribution s’explique par la cartographie des PME camerounaises qui est composée de 87,1% de TPE ;";0;calcul
pme-typologie;1,3;11,7% de PE et seulement 1,3 de ME.;0;calcul
pme-typologie;77,2;"D’autre part, 77,2% de ces PME sont dans le tertiaire beaucoup plus dans le commerce ;";0;calcul
pme-typologie;22,7;22,7% dans le secondaire et 0,1% dans le primaire.;0;calcul
pme-typologie;0,1;22,7% dans le secondaire et 0,1% dans le primaire.;0;calcul
pme-typologie;78,5;Cette VA générée est essentiellement portée par les ME (78,5%), suivies des PE (19,6%), et des TPE (1,9%).;0;calcul
pme-typologie;19,6;Cette VA générée est essentiellement portée par les ME (78,5%), suivies des PE (19,6%), et des TPE (1,9%).;0;calcul
pme-typologie;1,9;Cette VA générée est essentiellement portée par les ME (78,5%), suivies des PE (19,6%), et des TPE (1,9%).;0;calcul
pme-typologie;78,3;Suivant le secteur d’activité, les PME du secteur tertiaire contribuent majoritairement à la VA avec 78,3 % de la VA générée, contre 20,3 % pour le secondaire, et à peine 1,4 % pour le primaire.;0;calcul
pme-typologie;20,3;Suivant le secteur d’activité, les PME du secteur tertiaire contribuent majoritairement à la VA avec 78,3 % de la VA générée, contre 20,3 % pour le secondaire, et à peine 1,4 % pour le primaire.;0;calcul
pme-typologie;1,4;Suivant le secteur d’activité, les PME du secteur tertiaire contribuent majoritairement à la VA avec 78,3 % de la VA générée, contre 20,3 % pour le secondaire, et à peine 1,4 % pour le primaire.;1;calcul
pme-typologie;21,97;Sur la période 2022-2024, la VA des PME a augmenté de 21,97% passant de 4 692 millions de FCFA en 2022 à 5 723 millions de FCFA en 2024, résultat des actions menées par le MINPMEESA dans le cadre de l’accompagnement des PME.;0;calcul
pme-secteur-activite;48,46;Sur la période 2019-2024, la VA générée par les PME a augmenté de 48,46% passant de 4 911 millions de FCFA en 2019 à 7 291 millions en 2024.;0;calcul
pme-secteur-activite;78,5;Sur la période, les ME ont toujours contribué majoritairement à la création de la VA (78,5%) et le secteur tertiaire a été le secteur qui a le plus créé de la VA (78,3%).;0;invention
pme-secteur-activite;78,3;Sur la période, les ME ont toujours contribué majoritairement à la création de la VA (78,5%) et le secteur tertiaire a été le secteur qui a le plus créé de la VA (78,3%).;0;calcul
