code;valeur;phrase;present_ailleurs_sur_la_page_du_tableau;typologie
stock-pme-region;393 954;De ces estimations, il ressort un stock d’entreprises de 393 954 dont 393 166 PME en 2023 qui représente 99,8 % du total des entreprises présentes sur le territoire national.;0;invention
stock-pme-region;99,8;De ces estimations, il ressort un stock d’entreprises de 393 954 dont 393 166 PME en 2023 qui représente 99,8 % du total des entreprises présentes sur le territoire national.;0;calcul
stock-pme-region;2009;"Évolution du PIB entre 2009 et 2022 ;";0;calcul
stock-pme-region;2009;- Évolution des PME entre 2009 et 2022.;0;calcul
stock-pme-region;19;"- Hypothèses prises en compte Les effets de propagation du Covid-19 s’estompent peu à peu par le canal de la demande et par le canal de l’offre en raison des mesures prises par le Gouvernement ;";0;calcul
stock-pme-region;28;Données utilisées : Matrice de comptabilité sociale de 2019 Situation monétaire et financière du Cameroun Camerounaise en 2019 (Macro-SAM) Tableau des Operations Financières et Tableau Resource et Emploi et les données provenant des comptes nationaux du Cameroun pour l’année 2019 -Balance de paiemen;0;calcul
stock-pme-region;2;Les proportions sont appliquées au stock d’entreprises dénombrées par le RGE-2 en 2016 pour obtenir les valeurs (nombre d’entreprises) sur les périodes identifiées.;0;calcul
stock-pme-region;2;La désagrégation de ce stock selon la forme juridique, la typologie et la région est déduite de la structure de proportion issue du RGE-2.;0;calcul
stock-pme-region;393 954;Les résultats du modèle ci-dessus situent les estimations du stock d’entreprises en 2023 sur l’étendue du territoire national à 393 954 Entreprises, soit 393 166 PME et 788 GE.;0;invention
stock-pme-region;788;Les résultats du modèle ci-dessus situent les estimations du stock d’entreprises en 2023 sur l’étendue du territoire national à 393 954 Entreprises, soit 393 166 PME et 788 GE.;0;calcul
stock-pme-region;12,42;Cette information traduit une hausse de stock de +12,42% par rapport à l’année précédente.;0;calcul
stock-pme-region;57,4;La répartition géographique de ces PME permet de constater 57,4% de ces PME sont concentrées dans les villes de Douala (33,5%) et de Yaoundé (23,9%).;0;calcul
stock-pme-region;13,3;On observe également de cette répartition que 13,3% d’entre elles sont concentrées dans les régions du Sud-Ouest (7,0%) et le Nord-Ouest (6,3%).;0;calcul
stock-pme-region;9,7;C’est dans ce même contexte que se poursuivent les activités des PME dans les régions de l’Adamaoua, l’Est et l’Extrême-Nord qui concentrent 9,7% de ce stock de PME.;0;calcul
stock-pme-secteur-activite;69,77;Pour ce qui est de la répartition du stock de PME selon la tranche d'âge du promoteur, l’on constate que 69,77% des promoteurs de PME ont au plus 40 ans.;0;invention
stock-pme-secteur-activite;40;Pour ce qui est de la répartition du stock de PME selon la tranche d'âge du promoteur, l’on constate que 69,77% des promoteurs de PME ont au plus 40 ans.;0;arrondi
stock-pme-tranche-age-promoteur-dirigeant;20221;Ce résultat démontre d’une part le dynamisme de la jeunesse camerounaise dans l’entrepreneuriat et d’autre part conforte l’effectivité des politiques mises en place par le Gouvernement dans l’accompagnement des jeunes, notamment au niveau du MINPMEESA à travers le Programme 043 dont les indicateurs ;0;invention
pme-creees-sur-periode;25,9;Soit une augmentation de 25,9% par rapport à l’année 2022.;0;calcul
pme-creees-sur-periode;85,30;Cependant, les entreprises créées dans les CFCE en 2023 sont majoritairement du secteur tertiaire (85,30%).;0;invention
pme-creees-sur-periode;11,85;Seulement 11,85% sont dans le secteur secondaire et 2,85% dans le secteur primaire.;0;invention
pme-creees-sur-periode;2,85;Seulement 11,85% sont dans le secteur secondaire et 2,85% dans le secteur primaire.;0;calcul
pme-creees-sur-periode;1;1 Rapport Annuel de Performance 2022, 2023 Il est également important de relever que le gap entre le nombre estimé de PME créées en 2023 (43916 PME) et le volume réel de création au niveau des CFCE (19 651 PME) en 2023 pourrait s’expliquer par deux phénomènes : - la réduction de la mortalité des PME;0;arrondi
pme-creees-sur-periode;43916;1 Rapport Annuel de Performance 2022, 2023 Il est également important de relever que le gap entre le nombre estimé de PME créées en 2023 (43916 PME) et le volume réel de création au niveau des CFCE (19 651 PME) en 2023 pourrait s’expliquer par deux phénomènes : - la réduction de la mortalité des PME;0;invention
nombre-pme-creees-dans-cfce;85;L’ossature de la proportion d’entreprises créées par secteur d’activité révèle la prédominance du secteur tertiaire qui concentre depuis ces deux dernières années pas moins de 85% des entreprises créées dans les CFCE.;0;calcul
nombre-pme-creees-dans-cfce;11,85;En 2023, seulement 11,85% des PME créées sont dans le secteur secondaire contre 13,25% en 2022 et 2,85% des PME créées sont dans le primaire.;0;invention
nombre-pme-creees-dans-cfce;13,25;En 2023, seulement 11,85% des PME créées sont dans le secteur secondaire contre 13,25% en 2022 et 2,85% des PME créées sont dans le primaire.;0;invention
nombre-pme-creees-dans-cfce;2,85;En 2023, seulement 11,85% des PME créées sont dans le secteur secondaire contre 13,25% en 2022 et 2,85% des PME créées sont dans le primaire.;0;calcul
pme-creees-secteur-activite;85,30;En effet, le poids des PME créées dans le CFCE de Yaoundé (46,65%) et celui des PME créées dans le secteur tertiaire (85,30%) traduisent que la commande publique et certaines activités de service restent les opportunités prioritaires en matière d’entreprenariat au Cameroun.;0;calcul
pme-creees-secteur-activite;57;La dynamique de création des PME selon l’approche genre montre une tendance globale à la hausse de l’entreprenariat féminin (26, 57% de PME créées par les femmes en 2023 contre 23,73% en 2018), soit une progression de 11,96% qui traduit les résultats des actions menées par le MINPMESSA en faveur de ;0;calcul
pme-creees-secteur-activite;23,73;La dynamique de création des PME selon l’approche genre montre une tendance globale à la hausse de l’entreprenariat féminin (26, 57% de PME créées par les femmes en 2023 contre 23,73% en 2018), soit une progression de 11,96% qui traduit les résultats des actions menées par le MINPMESSA en faveur de ;0;calcul
pme-creees-secteur-activite;11,96;La dynamique de création des PME selon l’approche genre montre une tendance globale à la hausse de l’entreprenariat féminin (26, 57% de PME créées par les femmes en 2023 contre 23,73% en 2018), soit une progression de 11,96% qui traduit les résultats des actions menées par le MINPMESSA en faveur de ;0;calcul
nombre-oes-creees-hors-donnee-extreme;3 801;Ainsi, les données sur la situation de ces cibles montrent que 3 801 (hors donnée de l’Extrême Nord) Coopératives et GIC ont été créées en 2023 contre 3 405 en 2022 traduisant une hausse de +11,63% par rapport à sa valeur en 2022.;0;calcul
nombre-oes-creees-hors-donnee-extreme;11,63;Ainsi, les données sur la situation de ces cibles montrent que 3 801 (hors donnée de l’Extrême Nord) Coopératives et GIC ont été créées en 2023 contre 3 405 en 2022 traduisant une hausse de +11,63% par rapport à sa valeur en 2022.;0;invention
nombre-oes-creees-hors-donnee-extreme;3,17;Cette évolution a été plus marquée dans la région de l’Ouest où la proportion de ces deux catégories d’acteurs a doublé entre 2022 et 2023 passant de 3,17% à 6,60%.;0;calcul
nombre-oes-creees-hors-donnee-extreme;6,60;Cette évolution a été plus marquée dans la région de l’Ouest où la proportion de ces deux catégories d’acteurs a doublé entre 2022 et 2023 passant de 3,17% à 6,60%.;1;invention
nombre-oes-creees-hors-donnee-extreme;0,92;D’autres régions telles que le Littoral (+0,92% de création de 2022 à 2023), la région du Nord (+2,49% de création de 2022 à 2023) et la région de l’Est (+0,12% de création de 2022 à 2023) ont également contribué à l’augmentation des créations.;0;invention
nombre-oes-creees-hors-donnee-extreme;2,49;D’autres régions telles que le Littoral (+0,92% de création de 2022 à 2023), la région du Nord (+2,49% de création de 2022 à 2023) et la région de l’Est (+0,12% de création de 2022 à 2023) ont également contribué à l’augmentation des créations.;0;invention
nombre-oes-creees-hors-donnee-extreme;0,12;D’autres régions telles que le Littoral (+0,92% de création de 2022 à 2023), la région du Nord (+2,49% de création de 2022 à 2023) et la région de l’Est (+0,12% de création de 2022 à 2023) ont également contribué à l’augmentation des créations.;0;invention
nombre-oes-creees-hors-donnee-extreme;56,35;Par ailleurs en 2023, ces acteurs de l’économie sociale demeurent majoritairement concentrés autour des activités du secteur primaire (56,35%), avec une part encore faible dans le secteur secondaire mais qui a légèrement progressé entre 2022 et 2023 passant de 15,18% à 20, 39%.;1;invention
nombre-oes-creees-hors-donnee-extreme;15,18;Par ailleurs en 2023, ces acteurs de l’économie sociale demeurent majoritairement concentrés autour des activités du secteur primaire (56,35%), avec une part encore faible dans le secteur secondaire mais qui a légèrement progressé entre 2022 et 2023 passant de 15,18% à 20, 39%.;0;invention
nombre-oes-creees-hors-donnee-extreme;20;Par ailleurs en 2023, ces acteurs de l’économie sociale demeurent majoritairement concentrés autour des activités du secteur primaire (56,35%), avec une part encore faible dans le secteur secondaire mais qui a légèrement progressé entre 2022 et 2023 passant de 15,18% à 20, 39%.;1;calcul
oes-creees-secteur-activite-branche;40,26;En 2023, les activités majeures menées par ces acteurs sur le territoire national portent sur l’agriculture (40,26%) et l’élevage (19,18%).;0;calcul
oes-creees-secteur-activite-branche;19,18;En 2023, les activités majeures menées par ces acteurs sur le territoire national portent sur l’agriculture (40,26%) et l’élevage (19,18%).;0;calcul
oes-branche-activite;6,06;Bien que les activités de transformation aient connu une évolution de +6,06% entre 2022 et 2023, la baisse des activités de ces OES dans l’agriculture et l’élevage présente une situation préoccupante dont les principales causes pourraient être : les débouchés pour l’écoulement de leurs productions a;0;calcul
oes-branche-activite;292;- Dans l’optique de créer un environnement propice, le MINPMEESA a engagé des actions pour densifier la structuration des réseaux de l’économie sociale qui se traduisent par la mise en place de 292 RELESS, 49 REDESS et 9 RERESS.;0;calcul
oes-branche-activite;49;- Dans l’optique de créer un environnement propice, le MINPMEESA a engagé des actions pour densifier la structuration des réseaux de l’économie sociale qui se traduisent par la mise en place de 292 RELESS, 49 REDESS et 9 RERESS.;0;calcul
upa-enregistrees-dans-bureaux-communaux-region;13;En effet, la proportion d’UPA enregistrées dans cette région est passée de 13, 88% en 2018 à 4,84% en 2023, malgré le fait que la région est dotée d’un village artisanal.;0;arrondi
upa-enregistrees-dans-bureaux-communaux-region;88;En effet, la proportion d’UPA enregistrées dans cette région est passée de 13, 88% en 2018 à 4,84% en 2023, malgré le fait que la région est dotée d’un village artisanal.;0;calcul
pib-dans-secteur-primaire-agriculture-vivriere;2,5;En 2023, la croissance dans le secteur primaire (2,5% contre 3,2% en 2022) a été principalement soutenue par les bonnes performances observées des PMEESA évoluant dans l’agriculture vivrière (2,5% contre 0,9% en 2022), la sylviculture et l’exploitation forestière (5,2% contre 4,8% en 2022).;0;calcul
pib-dans-secteur-primaire-agriculture-vivriere;3,2;En 2023, la croissance dans le secteur primaire (2,5% contre 3,2% en 2022) a été principalement soutenue par les bonnes performances observées des PMEESA évoluant dans l’agriculture vivrière (2,5% contre 0,9% en 2022), la sylviculture et l’exploitation forestière (5,2% contre 4,8% en 2022).;0;calcul
pib-dans-secteur-primaire-agriculture-vivriere;2,5;En 2023, la croissance dans le secteur primaire (2,5% contre 3,2% en 2022) a été principalement soutenue par les bonnes performances observées des PMEESA évoluant dans l’agriculture vivrière (2,5% contre 0,9% en 2022), la sylviculture et l’exploitation forestière (5,2% contre 4,8% en 2022).;0;calcul
pib-dans-secteur-primaire-agriculture-vivriere;0,9;En 2023, la croissance dans le secteur primaire (2,5% contre 3,2% en 2022) a été principalement soutenue par les bonnes performances observées des PMEESA évoluant dans l’agriculture vivrière (2,5% contre 0,9% en 2022), la sylviculture et l’exploitation forestière (5,2% contre 4,8% en 2022).;0;calcul
pib-dans-secteur-primaire-agriculture-vivriere;5,2;En 2023, la croissance dans le secteur primaire (2,5% contre 3,2% en 2022) a été principalement soutenue par les bonnes performances observées des PMEESA évoluant dans l’agriculture vivrière (2,5% contre 0,9% en 2022), la sylviculture et l’exploitation forestière (5,2% contre 4,8% en 2022).;0;calcul
pib-dans-secteur-primaire-agriculture-vivriere;4,8;En 2023, la croissance dans le secteur primaire (2,5% contre 3,2% en 2022) a été principalement soutenue par les bonnes performances observées des PMEESA évoluant dans l’agriculture vivrière (2,5% contre 0,9% en 2022), la sylviculture et l’exploitation forestière (5,2% contre 4,8% en 2022).;0;calcul
pib-dans-secteur-primaire-agriculture-vivriere;3,2;Aussi, il est à noter les performances satisfaisantes dans les branches de l’élevage (3,2%) et la pêche (3,2%).;0;calcul
pib-dans-secteur-primaire-agriculture-vivriere;3,2;Aussi, il est à noter les performances satisfaisantes dans les branches de l’élevage (3,2%) et la pêche (3,2%).;0;calcul
pib-dans-secteur-primaire-agriculture-vivriere;1,6;En revanche, l’activité dans la branche agriculture industrielle a fortement reculé avec un taux de croissance de -1,6% en 2023, après une croissance de 3,9% en 2022.;0;arrondi
pib-dans-secteur-primaire-agriculture-vivriere;3,9;En revanche, l’activité dans la branche agriculture industrielle a fortement reculé avec un taux de croissance de -1,6% en 2023, après une croissance de 3,9% en 2022.;0;calcul
pib-dans-secteur-secondaire-eau;2,2;Le taux de croissance dans ce secteur est estimé à 2,2% en 2023 contre 2,7% en 2022 et 4% en 2021.;0;arrondi
pib-dans-secteur-secondaire-eau;2,7;Le taux de croissance dans ce secteur est estimé à 2,2% en 2023 contre 2,7% en 2022 et 4% en 2021.;0;arrondi
