code_indicateur;exercice;graphique_n;graphique_intitule;tableau_n;tableau_intitule;doc_rapport;doc_annuaire;score;score_intitule;score_valeurs;tableau_n_2e;score_2e;statut;valide_par;date_validation
contribution-fonctions-consommation-inflation-totale;2021;1;Contribution des fonctions de consommation à l’inflation totale;34;Contribution des fonctions de consommation à l’inflation (en %);rapport_analyse_2021;annuaire_2021;0.4;0.8;0.0;36;0.062;candidat;;
pme-creees-sur-periode;2021;2;Evolution des PME créées sur la période 2016-2021;10;Evolution du nombre de PME créées dans les CFCE selon le secteur d'activité de 2016 à 2021;rapport_analyse_2021;annuaire_2021;0.688;0.375;1.0;9;0.688;candidat;;
croissance-economique-pme-creees;2021;3;Evolution de la croissance économique et des PME créées (%);26;Evolution de la croissance du PIB des pays de la CEMAC entre 2016 et 2020;rapport_analyse_2021;annuaire_2021;0.292;0.25;0.333;10;0.278;a_verifier;;
pme-creees-region-forme-juridique;2021;4;Répartition des PME créées en 2021 par Région et selon la forme juridique;3;Répartition des PME par région en 2021;rapport_analyse_2021;annuaire_2021;0.25;0.5;0.0;8;0.222;a_verifier;;
pme-creees-region-typologie-entreprise;2021;5;Répartition des PME créées en 2021 par Région selon la typologie d'entreprise;4;Répartition des PME selon la typologie d’entreprise en 2021;rapport_analyse_2021;annuaire_2021;0.333;0.667;0.0;3;0.25;a_verifier;;
pme-creees-secteur-activite;2021;6;Répartition des PME créées en 2021 selon le secteur d'activité (%);10;Evolution du nombre de PME créées dans les CFCE selon le secteur d'activité de 2016 à 2021;rapport_analyse_2021;annuaire_2021;0.75;0.5;1.0;2;0.4;candidat;;
oes-creees-secteur-activite-branche;2021;7;Répartition des OES créées selon le secteur d'activité et selon la branche d'activité;10;Evolution du nombre de PME créées dans les CFCE selon le secteur d'activité de 2016 à 2021;rapport_analyse_2021;annuaire_2021;0.372;0.3;0.444;14;0.368;candidat;;
enregistrements-artisans-dans-bureaux-communaux;2021;8;évolution des enregistrements des artisans dans les bureaux communaux;18;Evolution des UPA enregistrées dans les Bureaux Communaux selon le type d’artisanat de 2016 à 2021;rapport_analyse_2021;annuaire_2021;0.667;0.333;1.0;17;0.562;candidat;;
enregistrements-artisans-type-artisanat;2021;9;Répartition des enregistrements des artisans par type d'artisanat (%);19;Evolution du Nombre d’UPA selon le type d’artisanat et par région de 2016 à 2021;rapport_analyse_2021;annuaire_2021;0.611;0.222;1.0;18;0.6;candidat;;
