code;rouge_l_avec;rouge_l_sans;sim_avec;sim_sans
stock-pme-region;0.2211;0.1326;0.6226;0.5925
stock-pme-secteur-activite;0.0;0.2105;0.0;0.6229
stock-pme-tranche-age-promoteur-dirigeant;0.1747;0.2176;0.594;0.6383
pme-creees-sur-periode;0.2278;0.1725;0.62;0.5116
pme-creees-secteur-activite;0.277;0.2298;0.6893;0.5826
proportion-pme-creees-dans-cfce-genre;0.2028;0.2044;0.4669;0.514
nombre-oes-creees;0.1522;0.1908;0.3635;0.391
oes-creees-region;0.201;0.2146;0.2766;0.6068
upa-enregistrees-dans-bureaux-communaux-region;0.1605;0.125;0.374;0.3152
proportion-upa-enregistrees-dans-bca-genre;0.0746;0.2;0.1927;0.4235
upa-enregistrees-typologie-artisanat-region;0.1992;0.2211;0.527;0.5973
pme-typologie;0.1429;0.1576;0.5826;0.4534
pme-secteur-activite;0.1869;0.2283;0.3859;0.4521
