code;abstention_sans;abstention_avec;citees;non_soutenues_sans;retenues_avec;non_soutenues_avec
stock-pme-region;0;0;6;0;6;0
stock-pme-secteur-activite;1;1;0;0;0;0
stock-pme-tranche-age-promoteur-dirigeant;0;0;21;0;21;0
pme-creees-sur-periode;0;0;10;0;10;0
pme-creees-secteur-activite;0;0;9;0;9;0
proportion-pme-creees-dans-cfce-genre;0;0;10;0;10;0
nombre-oes-creees;0;0;10;0;10;0
oes-creees-region;0;0;5;0;5;0
upa-enregistrees-dans-bureaux-communaux-region;0;0;15;0;15;0
proportion-upa-enregistrees-dans-bca-genre;0;0;4;0;4;0
upa-enregistrees-typologie-artisanat-region;0;0;15;0;15;0
pme-typologie;0;0;5;0;5;0
pme-secteur-activite;0;0;10;0;10;0
