service;duree_s
consultation;0.218
consultation;0.245
consultation;0.217
consultation;0.25
consultation;0.858
consultation;0.275
consultation;0.292
consultation;0.273
consultation;0.127
consultation;0.392
consultation;0.32
consultation;0.356
consultation;0.251
consultation;0.516
consultation;0.317
consultation;0.216
consultation;0.229
consultation;0.566
consultation;0.39
consultation;0.26
consultation;0.273
consultation;0.281
consultation;0.234
consultation;0.201
consultation;0.682
consultation;0.281
consultation;0.242
consultation;0.231
consultation;0.247
consultation;0.23
consultation;0.222
consultation;0.238
consultation;0.208
consultation;0.239
consultation;0.212
consultation;0.241
consultation;0.247
consultation;0.263
consultation;0.223
consultation;0.304
consultation;0.306
consultation;0.572
consultation;0.277
consultation;0.313
consultation;1.584
consultation;0.423
consultation;0.44
consultation;0.321
consultation;0.334
consultation;0.293
consultation;0.798
consultation;0.221
consultation;0.115
consultation;0.14
consultation;0.119
consultation;0.107
consultation;0.123
consultation;0.117
consultation;0.221
consultation;0.105
consultation;0.107
consultation;0.11
commentaire;0.008
commentaire;0.003
commentaire;0.003
commentaire;0.006
commentaire;0.01
commentaire;0.202
commentaire;0.134
commentaire;0.112
commentaire;0.003
commentaire;0.105
commentaire;0.004
commentaire;0.12
commentaire;0.126
note d'analyse;2.171
note d'analyse;4.531
note d'analyse;2.772
note stratégique;3.66
note stratégique;4.957
