question;repli-hors-ligne-tfidf-svd|dense|s5;repli-hors-ligne-tfidf-svd|dense|rr;repli-hors-ligne-tfidf-svd|hybride|s5;repli-hors-ligne-tfidf-svd|hybride|rr;BAAI/bge-m3|dense|s5;BAAI/bge-m3|dense|rr;BAAI/bge-m3|hybride|s5;BAAI/bge-m3|hybride|rr;intfloat/multilingual-e5-large|dense|s5;intfloat/multilingual-e5-large|dense|rr;intfloat/multilingual-e5-large|hybride|s5;intfloat/multilingual-e5-large|hybride|rr;dangvantuan/sentence-camembert-base|dense|s5;dangvantuan/sentence-camembert-base|dense|rr;dangvantuan/sentence-camembert-base|hybride|s5;dangvantuan/sentence-camembert-base|hybride|rr;sentence-transformers/paraphrase-multilingual-MiniLM-L12-v2|dense|s5;sentence-transformers/paraphrase-multilingual-MiniLM-L12-v2|dense|rr;sentence-transformers/paraphrase-multilingual-MiniLM-L12-v2|hybride|s5;sentence-transformers/paraphrase-multilingual-MiniLM-L12-v2|hybride|rr
Q01;1.0;1.0;1.0;1.0;1.0;1.0;1.0;1.0;1.0;1.0;1.0;1.0;1.0;1.0;1.0;1.0;1.0;1.0;1.0;1.0
Q02;1.0;1.0;1.0;1.0;0.0;0.16666666666666666;1.0;0.5;1.0;0.5;1.0;1.0;1.0;0.2;1.0;1.0;0.0;0.0;1.0;0.25
Q03;1.0;0.2;0.0;0.16666666666666666;1.0;0.3333333333333333;1.0;0.3333333333333333;1.0;0.3333333333333333;1.0;0.3333333333333333;1.0;0.25;1.0;0.25;0.0;0.16666666666666666;1.0;0.2
Q04;1.0;0.5;1.0;1.0;1.0;0.3333333333333333;1.0;1.0;1.0;0.5;1.0;1.0;1.0;0.5;1.0;0.5;0.0;0.16666666666666666;1.0;0.5
Q05;1.0;0.5;1.0;0.3333333333333333;1.0;0.5;1.0;1.0;1.0;0.2;1.0;1.0;0.0;0.0;1.0;1.0;1.0;0.25;1.0;0.5
Q06;0.0;0.1;1.0;0.25;1.0;1.0;1.0;1.0;1.0;0.5;1.0;0.5;1.0;0.25;1.0;0.3333333333333333;1.0;1.0;1.0;0.5
Q07;1.0;0.5;1.0;0.5;1.0;1.0;1.0;1.0;1.0;1.0;1.0;1.0;1.0;0.25;1.0;0.5;1.0;1.0;1.0;1.0
Q08;0.0;0.125;0.0;0.0;0.0;0.14285714285714285;0.0;0.1;1.0;1.0;0.0;0.125;0.0;0.0;0.0;0.0;0.0;0.0;0.0;0.0
Q09;0.0;0.0;0.0;0.0;1.0;1.0;1.0;0.5;1.0;1.0;1.0;1.0;0.0;0.0;1.0;0.2;0.0;0.16666666666666666;1.0;0.25
Q10;0.0;0.1;1.0;1.0;1.0;0.25;1.0;1.0;1.0;1.0;1.0;1.0;0.0;0.0;0.0;0.1;0.0;0.0;1.0;0.5
Q11;1.0;0.5;1.0;1.0;1.0;0.5;1.0;1.0;1.0;1.0;1.0;1.0;1.0;1.0;1.0;1.0;0.0;0.0;1.0;0.5
Q12;1.0;1.0;1.0;1.0;1.0;1.0;1.0;1.0;1.0;1.0;1.0;1.0;0.0;0.0;1.0;0.3333333333333333;1.0;1.0;1.0;1.0
Q13;1.0;1.0;1.0;1.0;0.0;0.1;1.0;1.0;1.0;0.25;1.0;0.5;0.0;0.0;1.0;0.5;0.0;0.0;0.0;0.0
Q14;0.0;0.0;0.0;0.125;0.0;0.125;1.0;0.3333333333333333;0.0;0.16666666666666666;1.0;0.5;0.0;0.0;1.0;0.5;0.0;0.14285714285714285;1.0;1.0
Q15;0.0;0.14285714285714285;1.0;0.25;1.0;1.0;1.0;1.0;0.0;0.125;0.0;0.125;0.0;0.0;1.0;0.5;1.0;1.0;1.0;1.0
Q16;1.0;1.0;0.0;0.16666666666666666;1.0;0.2;1.0;0.2;0.0;0.1111111111111111;0.0;0.125;1.0;1.0;1.0;0.3333333333333333;1.0;0.25;1.0;0.3333333333333333
Q17;1.0;1.0;1.0;0.5;0.0;0.0;1.0;0.3333333333333333;0.0;0.16666666666666666;1.0;1.0;1.0;1.0;1.0;1.0;0.0;0.14285714285714285;1.0;1.0
Q18;1.0;0.3333333333333333;1.0;0.5;1.0;1.0;1.0;1.0;1.0;0.3333333333333333;1.0;1.0;1.0;1.0;1.0;1.0;1.0;1.0;1.0;0.3333333333333333
Q19;1.0;0.5;1.0;0.5;0.0;0.0;0.0;0.16666666666666666;1.0;0.3333333333333333;1.0;0.5;1.0;0.25;1.0;0.3333333333333333;1.0;1.0;1.0;1.0
Q20;1.0;1.0;1.0;1.0;1.0;1.0;1.0;1.0;1.0;1.0;1.0;1.0;1.0;1.0;1.0;1.0;1.0;1.0;1.0;1.0
Q21;1.0;1.0;1.0;1.0;1.0;1.0;1.0;1.0;1.0;1.0;1.0;1.0;1.0;1.0;1.0;1.0;0.0;0.0;1.0;0.2
Q22;0.0;0.0;0.0;0.14285714285714285;0.0;0.0;0.0;0.0;1.0;0.5;1.0;0.3333333333333333;0.0;0.0;0.0;0.0;0.0;0.0;0.0;0.0
Q23;0.0;0.0;0.0;0.0;1.0;0.5;1.0;0.3333333333333333;0.0;0.125;1.0;0.25;0.0;0.0;0.0;0.14285714285714285;1.0;1.0;1.0;0.25
Q24;1.0;0.3333333333333333;1.0;1.0;1.0;1.0;1.0;1.0;1.0;0.3333333333333333;1.0;1.0;0.0;0.0;1.0;0.3333333333333333;0.0;0.0;0.0;0.16666666666666666
Q25;1.0;0.2;1.0;0.2;1.0;0.25;1.0;0.2;1.0;0.3333333333333333;1.0;0.25;0.0;0.0;0.0;0.16666666666666666;0.0;0.0;0.0;0.0
Q26;1.0;0.5;1.0;0.3333333333333333;1.0;1.0;0.0;0.1;1.0;0.5;0.0;0.14285714285714285;0.0;0.14285714285714285;1.0;0.25;1.0;1.0;1.0;0.2
Q27;1.0;1.0;1.0;0.25;1.0;0.5;1.0;0.25;1.0;0.25;0.0;0.0;1.0;1.0;1.0;0.25;1.0;1.0;0.0;0.0
Q28;0.0;0.0;1.0;0.2;1.0;1.0;1.0;1.0;1.0;1.0;1.0;0.5;0.0;0.0;1.0;0.2;1.0;0.5;1.0;0.5
Q29;0.0;0.0;0.0;0.0;1.0;1.0;1.0;0.3333333333333333;1.0;0.5;1.0;0.2;0.0;0.0;0.0;0.0;0.0;0.1;1.0;0.2
Q30;1.0;1.0;1.0;1.0;1.0;1.0;1.0;1.0;1.0;1.0;1.0;1.0;1.0;1.0;1.0;1.0;1.0;0.5;1.0;1.0
Q31;1.0;0.5;1.0;1.0;1.0;1.0;1.0;1.0;1.0;1.0;1.0;1.0;0.0;0.0;0.0;0.16666666666666666;0.0;0.0;1.0;0.3333333333333333
Q32;1.0;1.0;1.0;1.0;1.0;1.0;1.0;1.0;0.0;0.1111111111111111;1.0;1.0;0.0;0.1;1.0;1.0;1.0;0.3333333333333333;1.0;1.0
Q33;1.0;0.3333333333333333;1.0;0.5;1.0;0.5;1.0;0.3333333333333333;1.0;0.5;1.0;0.3333333333333333;0.0;0.0;0.0;0.1;0.0;0.125;1.0;1.0
Q34;0.0;0.16666666666666666;0.0;0.0;1.0;0.3333333333333333;0.0;0.14285714285714285;0.0;0.16666666666666666;1.0;0.2;0.0;0.0;1.0;0.25;0.0;0.0;0.0;0.0
Q35;1.0;0.5;1.0;0.3333333333333333;1.0;0.5;1.0;0.25;1.0;1.0;0.0;0.16666666666666666;0.0;0.0;0.0;0.125;0.0;0.0;0.0;0.1
Q36;1.0;1.0;1.0;1.0;1.0;1.0;1.0;1.0;1.0;0.3333333333333333;1.0;1.0;0.0;0.0;0.0;0.0;0.0;0.14285714285714285;1.0;0.5
Q37;1.0;1.0;1.0;1.0;1.0;1.0;1.0;1.0;1.0;1.0;1.0;1.0;1.0;0.5;1.0;1.0;1.0;1.0;1.0;1.0
Q38;1.0;0.5;1.0;0.5;1.0;0.5;1.0;0.5;1.0;0.5;1.0;0.5;1.0;1.0;1.0;1.0;1.0;0.25;1.0;0.3333333333333333
Q39;1.0;1.0;1.0;1.0;1.0;1.0;1.0;1.0;1.0;1.0;1.0;1.0;0.0;0.0;1.0;0.2;1.0;1.0;1.0;1.0
Q40;1.0;1.0;1.0;1.0;1.0;1.0;1.0;1.0;1.0;0.25;1.0;0.5;0.0;0.0;1.0;0.5;0.0;0.0;0.0;0.0
Q41;1.0;0.25;1.0;0.5;1.0;0.3333333333333333;1.0;0.3333333333333333;1.0;1.0;1.0;1.0;1.0;0.3333333333333333;0.0;0.125;0.0;0.1111111111111111;1.0;0.3333333333333333
Q42;1.0;1.0;1.0;1.0;1.0;1.0;1.0;1.0;1.0;1.0;1.0;1.0;0.0;0.1;1.0;0.5;1.0;0.5;1.0;0.5
Q43;1.0;0.3333333333333333;1.0;0.5;1.0;1.0;1.0;1.0;1.0;0.25;1.0;1.0;1.0;1.0;1.0;1.0;1.0;1.0;1.0;1.0
Q44;0.0;0.125;0.0;0.125;1.0;1.0;1.0;1.0;1.0;1.0;1.0;0.5;1.0;0.3333333333333333;1.0;1.0;1.0;0.5;1.0;0.5
Q45;1.0;0.3333333333333333;1.0;0.5;1.0;1.0;1.0;1.0;1.0;1.0;1.0;1.0;0.0;0.0;1.0;0.3333333333333333;0.0;0.0;1.0;0.3333333333333333
Q46;1.0;1.0;1.0;1.0;1.0;1.0;1.0;1.0;1.0;1.0;1.0;0.5;0.0;0.0;0.0;0.16666666666666666;0.0;0.0;1.0;0.3333333333333333
Q47;1.0;0.5;1.0;0.5;1.0;0.5;1.0;0.5;1.0;0.5;1.0;1.0;0.0;0.0;1.0;0.25;0.0;0.14285714285714285;1.0;0.5
Q48;1.0;1.0;1.0;1.0;1.0;1.0;1.0;1.0;1.0;0.5;1.0;1.0;0.0;0.0;0.0;0.16666666666666666;0.0;0.0;1.0;1.0
Q49;1.0;1.0;1.0;1.0;1.0;1.0;1.0;1.0;1.0;1.0;1.0;1.0;1.0;0.5;1.0;1.0;1.0;1.0;1.0;1.0
Q50;1.0;1.0;1.0;1.0;1.0;1.0;1.0;1.0;1.0;1.0;1.0;1.0;0.0;0.0;0.0;0.1;0.0;0.0;1.0;1.0
Q51;1.0;1.0;1.0;0.3333333333333333;1.0;0.5;1.0;0.3333333333333333;1.0;1.0;1.0;0.3333333333333333;1.0;1.0;1.0;1.0;1.0;1.0;1.0;0.5
Q52;0.0;0.0;0.0;0.0;0.0;0.0;0.0;0.0;0.0;0.0;0.0;0.0;0.0;0.0;0.0;0.0;0.0;0.0;0.0;0.0
