code;rouge_l_gabarits;sim_gabarits;commente_gabarits;valeurs_retenues_gabarits;mots_gabarits;rouge_l_llm_ancre;sim_llm_ancre;commente_llm_ancre;valeurs_retenues_llm_ancre;mots_llm_ancre
stock-pme-region;0.0798;0.4205;1;3;59;0.064;0.3273;1;10;70
stock-pme-secteur-activite;0.1064;0.4384;1;6;94;0.1433;0.41;1;6;95
stock-pme-tranche-age-promoteur-dirigeant;0.0885;0.1429;1;7;62;0.0952;0.2095;1;21;113
pme-creees-sur-periode;0.1245;0.4525;1;3;61;0.1709;0.5944;1;10;99
nombre-pme-creees-dans-cfce;0.131;0.3028;1;3;61;0.1429;0.3737;1;9;112
pme-creees-secteur-activite;0.1405;0.4204;1;3;69;0.1844;0.5588;1;5;104
nombre-oes-creees-hors-donnee-extreme;0.0611;0.387;1;0;34;0.0;0.0;0;0;0
oes-creees-secteur-activite-branche;0.0943;0.3717;1;2;41;0.1164;0.3112;1;10;118
oes-branche-activite;0.1136;0.47;1;2;43;0.1429;0.4357;1;8;86
upa-enregistrees-dans-bureaux-communaux-region;0.1264;0.5681;1;2;38;0.2367;0.6891;1;13;108
upa-enregistrees-dans-bureaux-communaux-sexe;0.1818;0.3951;1;3;53;0.1834;0.4486;1;5;137
upa-enregistrees-typologie-artisanat-region;0.1026;0.4307;1;2;41;0.2105;0.4366;1;7;122
pib-dans-secteur-primaire-agriculture-vivriere;0.1186;0.2466;1;3;69;0.1611;0.4012;1;6;108
pib-dans-secteur-secondaire-eau;0.1628;0.2808;1;3;69;0.0;0.0;0;0;0
